IES El Rincón,28.128393434859,-15.446879585129,Instituto IES El Rincón,Avanzado,spots/1763036661_6915cdf5270d6.webp

El Hoyo,28.109058240159253,-15.415521872936841,Buen lugar para hacer skate,Principiante,spots/1763380320_691b0c60c3928.webp

las arenas,28.129216662165895,-15.449238267882157,arenasasdasdasdasdasd,Principiante,
